"BeneficiaireSourceID","MissionCodeSource","DateDebut","Frequence","StatutPrestation","DerniereVisite"
"9","ACT-0001","2025-07-08","Mensuelle","Suspendue","2025-11-20 09:19:18"
"12","ACT-0002","2025-04-08","Bi-hebdomadaire","En_cours","2025-11-12 09:19:18"
"39","ACT-0001","2025-11-08","Ponctuelle","Suspendue","2025-11-29 09:19:18"
"49","ACT-0008","2025-02-08","Bi-hebdomadaire","En_cours","2025-11-13 09:19:18"
"83","ACT-0001","2025-11-08","Hebdomadaire","Terminee","2025-11-16 09:19:18"
"8","ACT-0001","2025-09-08","Bi-hebdomadaire","Suspendue","2025-11-15 09:19:18"
"30","ACT-0002","2025-08-08","Hebdomadaire","Terminee","2025-11-28 09:19:18"
"41","ACT-0008","2025-10-08","Bi-hebdomadaire","En_cours","2025-11-23 09:19:18"
"39","ACT-0007","2025-03-08","Mensuelle","Terminee","2025-11-23 09:19:18"
"12","ACT-0002","2025-08-08","Ponctuelle","Suspendue","2025-12-01 09:19:18"
"85","ACT-0010","2025-09-08","Ponctuelle","Suspendue","2025-11-26 09:19:18"
"14","ACT-0006","2025-07-08","Ponctuelle","En_cours","2025-11-21 09:19:18"
"52","ACT-0004","2025-06-08","Ponctuelle","Suspendue","2025-12-06 09:19:18"
"39","ACT-0010","2025-02-08","Bi-hebdomadaire","Terminee","2025-12-01 09:19:18"
"85","ACT-0007","2025-10-08","Mensuelle","En_cours","2025-11-10 09:19:18"
"8","ACT-0010","2025-09-08","Ponctuelle","Terminee","2025-11-29 09:19:18"
"9","ACT-0008","2025-11-08","Ponctuelle","Terminee","2025-11-10 09:19:18"
"40","ACT-0004","2025-08-08","Ponctuelle","Terminee","2025-11-16 09:19:18"
"8","ACT-0009","2025-08-08","Ponctuelle","En_cours","2025-11-24 09:19:18"
"52","ACT-0004","2025-05-08","Bi-hebdomadaire","Terminee","2025-11-11 09:19:18"
